--correr script de creacion de tablas previo a cualquier test

/*Test case ej2.
  Debería devolver: 
  ANA - 099972723 - TECNICO
  HUGO - 095911940 - CLIENTE*/

--insert contactos

INSERT INTO CONTACTO VALUES ('52682880','HUGO@GMAIL.COM','HUGO','095911940','CLIENTE');
INSERT INTO CONTACTO VALUES ('57345671','MIGUEL@GMAIL.COM','MIGUEL','092944156','INGENIERO');
INSERT INTO CONTACTO VALUES ('52846994','ANA@GMAIL.COM','ANA','099972723','TECNICO');

--insert equipos

INSERT INTO EQUIPO VALUES (1,'E1','SERVICE','01/01/2000','VIAL');
INSERT INTO EQUIPO VALUES (2,'E2','PRODUCCION','01/01/2000','VIAL');
INSERT INTO EQUIPO VALUES (3,'E3','DESAFECTADO','01/01/2000','VIAL');
INSERT INTO EQUIPO VALUES (4,'E4','REPARACION','01/01/2000','CONSTRUCCION');
INSERT INTO EQUIPO VALUES (5,'E5','PRODUCCION','01/01/2000','CONSTRUCCION');

--insert alquileres

--alquileres equipos cat. Vial Hugo en fecha
INSERT INTO ALQUILA VALUES (1,'52682880','01/09/2022','10/09/2022');
INSERT INTO ALQUILA VALUES (2,'52682880','01/09/2022','10/09/2022');
INSERT INTO ALQUILA VALUES (3,'52682880','01/09/2022','10/09/2022');

--alquileres equipos cat. Construccion Ana en fecha
INSERT INTO ALQUILA VALUES (4,'52846994','10/09/2022','13/09/2022');
INSERT INTO ALQUILA VALUES (5,'52846994','10/09/2022','13/09/2022');

--alquileres equipos cat. Construccion y Vial Miguel en fecha
INSERT INTO ALQUILA VALUES (1,'57345671','01/09/2022','10/09/2022');
INSERT INTO ALQUILA VALUES (5,'57345671','10/09/2022','13/09/2022');

--alquileres equipos cat. Construccion y Vial Hugo/Ana fuera de fecha
INSERT INTO ALQUILA VALUES (1,'52682880','01/09/2020','10/09/2020');
INSERT INTO ALQUILA VALUES (2,'52682880','01/09/2020','10/09/2020');
INSERT INTO ALQUILA VALUES (4,'52682880','10/09/2020','13/09/2020');
INSERT INTO ALQUILA VALUES (5,'52682880','10/09/2020','13/09/2020');

INSERT INTO ALQUILA VALUES (1,'52846994','01/09/2020','10/09/2020');
INSERT INTO ALQUILA VALUES (2,'52846994','01/09/2020','10/09/2020');
INSERT INTO ALQUILA VALUES (4,'52846994','10/09/2020','13/09/2020');
INSERT INTO ALQUILA VALUES (5,'52846994','10/09/2020','13/09/2020');