--correr script de creacion de tablas previo a cualquier test

/*Test case ej10.
  Debería devolver:
  VIAL - HUGO - 5 - 62.50 - N1
  VIAL - HUGO - 5 - 62.50 - N2
  VIAL - MIGUEL - 3 - 37.50 - N1
  VIAL - MIGUEL - 3 - 37.50 - N2
  CONSTRUCCION - ANA - 3 - 50 - N3
  CONSTRUCCION - MIGUEL - 3 - 50 - N3
*/

--insert contactos

INSERT INTO CONTACTO VALUES ('52682880','HUGO@GMAIL.COM','HUGO',095911940,'CLIENTE');
INSERT INTO CONTACTO VALUES ('57345671','MIGUEL@GMAIL.COM','MIGUEL',092944156,'INGENIERO');
INSERT INTO CONTACTO VALUES ('52846994','ANA@GMAIL.COM','ANA',099972723,'TECNICO');

--insert equipos

INSERT INTO EQUIPO VALUES (1,'E1','SERVICE','01/01/2022','VIAL');
INSERT INTO EQUIPO VALUES (2,'E2','SERVICE','01/01/2022','VIAL');
INSERT INTO EQUIPO VALUES (3,'E3','SERVICE','01/01/2020','VIAL');
INSERT INTO EQUIPO VALUES (4,'E4','REPARACION','01/01/2022','CONSTRUCCION');
INSERT INTO EQUIPO VALUES (5,'E5','PRODUCCION','01/01/2000','CONSTRUCCION');
INSERT INTO EQUIPO VALUES (6,'E6','PRODUCCION','01/01/2010','TERRENO');

--insert alquileres

--alquileres equipos cat. Vial Hugo
INSERT INTO ALQUILA VALUES (1,'52682880','01/09/2022','10/09/2022');
INSERT INTO ALQUILA VALUES (2,'52682880','01/09/2022','10/09/2022');
INSERT INTO ALQUILA VALUES (3,'52682880','01/09/2022','10/09/2022');
INSERT INTO ALQUILA VALUES (3,'52682880','01/10/2022','10/11/2022');
INSERT INTO ALQUILA VALUES (3,'52682880','01/11/2022','10/12/2022');

--alquileres equipos cat. Construccion Ana
INSERT INTO ALQUILA VALUES (4,'52846994','10/09/2022','13/09/2022');
INSERT INTO ALQUILA VALUES (5,'52846994','10/09/2022','13/09/2022');
INSERT INTO ALQUILA VALUES (5,'52846994','11/10/2022','13/10/2022');

--alquileres equipos cat. Construccion y Vial Miguel
INSERT INTO ALQUILA VALUES (1,'57345671','01/09/2022','10/09/2022');
INSERT INTO ALQUILA VALUES (2,'57345671','01/09/2022','10/09/2022');
INSERT INTO ALQUILA VALUES (3,'57345671','01/09/2022','10/09/2022');
INSERT INTO ALQUILA VALUES (5,'57345671','10/09/2022','13/09/2022');
INSERT INTO ALQUILA VALUES (5,'57345671','11/10/2022','13/10/2022');
INSERT INTO ALQUILA VALUES (5,'57345671','11/11/2022','13/12/2022');

--alquileres no relevantes
INSERT INTO ALQUILA VALUES (6,'52682880','01/09/2004','10/09/2005');
INSERT INTO ALQUILA VALUES (6,'52846994','01/09/2009','10/09/2010');
INSERT INTO ALQUILA VALUES (6,'52846994','01/09/2011','10/09/2012');
INSERT INTO ALQUILA VALUES (6,'52682880','10/09/2010','13/09/2014');
INSERT INTO ALQUILA VALUES (6,'57345671','11/10/2022','13/10/2022');
INSERT INTO ALQUILA VALUES (6,'57345671','11/11/2022','13/12/2022');

--insert proyectos

INSERT INTO PROYECTO VALUES (1,'N1','D1','01/01/2020'); 
INSERT INTO PROYECTO VALUES (2,'N2','D2',NULL); 
INSERT INTO PROYECTO VALUES (3,'N3','D3','01/01/2020'); 

--insert tareas

INSERT INTO TAREA VALUES (1,1,'DT1','10/08/2022');
INSERT INTO TAREA VALUES (1,2,'DT1','10/08/2022');
INSERT INTO TAREA VALUES (2,3,'DT2','15/07/2022');
INSERT INTO TAREA VALUES (2,4,'DT3','15/07/2022');
INSERT INTO TAREA VALUES (3,5,'DT3','15/07/2022');
INSERT INTO TAREA VALUES (3,6,'DT4','15/07/2022');
INSERT INTO TAREA VALUES (3,7,'DT5','15/07/2022');

--insert contrata

INSERT INTO CONTRATA VALUES (1,'57345671'); 
INSERT INTO CONTRATA VALUES (2,'52682880');
INSERT INTO CONTRATA VALUES (3,'52846994');
